-- Fixture: platform-jobs-events-audit / platform.sql
-- Target: identity, hotel_catalog, and platform schemas.
--
-- This parity-only fixture inserts already-migrated target rows. There is no
-- source-to-target transform handler for this case.

INSERT INTO identity.users
  (id, email, name, status)
VALUES
  ('f6951000-0000-0000-0000-000000000001', 'owner.platform-audit@example.test', 'Platform Audit Owner', 'active');

INSERT INTO identity.organizations
  (id, kind, name, slug, status, workos_org_id, workos_external_id)
VALUES
  ('f6952000-0000-0000-0000-000000000001', 'hotel_group', 'Platform Audit Alpenrose Group', 'platform-audit-alpenrose-group', 'active', 'org_platform_audit_alpenrose', 'platform-audit-alpenrose-group');

INSERT INTO identity.organization_memberships
  (id, organization_id, user_id, status, role_key, workos_membership_id, workos_role_slugs)
VALUES
  ('f6952100-0000-0000-0000-000000000001', 'f6952000-0000-0000-0000-000000000001', 'f6951000-0000-0000-0000-000000000001', 'active', 'hotel_owner', 'membership_platform_audit_owner', ARRAY['hotel_owner']);

INSERT INTO identity.organization_resource_links
  (id, organization_id, product, resource_type, resource_id, relationship, status)
VALUES
  ('f6952200-0000-0000-0000-000000000001', 'f6952000-0000-0000-0000-000000000001', 'booking', 'booking_hotel', 'booking_hotel_platform_audit_alpenrose', 'owner', 'active'),
  ('f6952200-0000-0000-0000-000000000002', 'f6952000-0000-0000-0000-000000000001', 'pms', 'pms_hotel', 'pms_hotel_platform_audit_alpenrose', 'operator', 'active');

INSERT INTO hotel_catalog.properties
  (id, public_id, display_name, property_type, category, default_locale, supported_locales, profile_status, completeness_reasons)
VALUES
  ('f6953000-0000-0000-0000-000000000001', 'prop_platform_audit_alpenrose', 'Platform Audit Alpenrose', 'hotel', 'boutique', 'en', ARRAY['en', 'de'], 'complete', '{}');

INSERT INTO hotel_catalog.property_source_links
  (id, property_id, source_system, source_table, source_id, relationship, metadata)
VALUES
  ('f6953100-0000-0000-0000-000000000001', 'f6953000-0000-0000-0000-000000000001', 'booking', 'booking_hotels', 'booking_hotel_platform_audit_alpenrose', 'canonical_input', '{"fixture": "platform-jobs-events-audit"}'),
  ('f6953100-0000-0000-0000-000000000002', 'f6953000-0000-0000-0000-000000000001', 'pms', 'hotels', 'pms_hotel_platform_audit_alpenrose', 'operational_input', '{"fixture": "platform-jobs-events-audit"}');

INSERT INTO platform.domain_events
  (
    id,
    source_system,
    event_key,
    event_type,
    event_version,
    occurred_at,
    recorded_at,
    event_status,
    tenant_scope,
    organization_id,
    property_id,
    resource_product,
    resource_type,
    resource_id,
    actor_type,
    actor_user_id,
    correlation_id,
    causation_id,
    idempotency_key_hash,
    payload,
    event_metadata,
    privacy_scope,
    ai_visible
  )
VALUES
  (
    'f6954000-0000-0000-0000-000000000001',
    'booking',
    'booking.guest_booking.confirmed.platform.695',
    'booking.guest_booking.confirmed',
    1,
    '2026-06-09T09:00:00Z',
    '2026-06-09T09:00:05Z',
    'projected',
    'property',
    NULL,
    'f6953000-0000-0000-0000-000000000001',
    'booking',
    'guest_booking',
    'guest_booking_platform_695',
    'user',
    'f6951000-0000-0000-0000-000000000001',
    'corr-platform-695-booking-confirmed',
    'checkout-context-platform-695',
    'sha256:booking-change-platform-695',
    '{"publicBookingReference": "B-PLAT-695", "guestEmailHash": "sha256:guest-email-695", "totalAmount": "840.00", "currency": "EUR"}',
    '{"fixture": "platform-jobs-events-audit", "sourceTable": "booking_events", "sourceId": "booking_event_platform_695"}',
    'confidential',
    FALSE
  ),
  (
    'f6954000-0000-0000-0000-000000000002',
    'pms',
    'pms.channex.webhook.normalized.platform.695',
    'pms.channel_webhook.normalized',
    1,
    '2026-06-09T09:02:00Z',
    '2026-06-09T09:02:03Z',
    'projected',
    'property',
    NULL,
    'f6953000-0000-0000-0000-000000000001',
    'pms',
    'channel_webhook',
    'channex_evt_platform_695',
    'provider',
    NULL,
    'corr-platform-695-channex-webhook',
    'channex_evt_platform_695',
    NULL,
    '{"provider": "channex", "providerEventId": "channex_evt_platform_695", "externalBookingId": "chnx-booking-platform-695", "guestEmailHash": "sha256:guest-email-695"}',
    '{"fixture": "platform-jobs-events-audit", "normalizedFrom": "platform.external_webhook_events"}',
    'restricted',
    FALSE
  ),
  (
    'f6954000-0000-0000-0000-000000000003',
    'identity',
    'identity.organization.membership.linked.platform.695',
    'identity.organization_membership.linked',
    1,
    '2026-06-09T08:55:00Z',
    '2026-06-09T08:55:02Z',
    'recorded',
    'organization',
    'f6952000-0000-0000-0000-000000000001',
    NULL,
    'identity',
    'organization_membership',
    'f6952100-0000-0000-0000-000000000001',
    'migration',
    NULL,
    'corr-platform-695-identity-link',
    'migration-platform-695',
    NULL,
    '{"organizationId": "f6952000-0000-0000-0000-000000000001", "userId": "f6951000-0000-0000-0000-000000000001", "roleKey": "hotel_owner"}',
    '{"fixture": "platform-jobs-events-audit", "sourceTable": "users"}',
    'internal',
    FALSE
  );

INSERT INTO platform.external_webhook_events
  (
    id,
    provider,
    provider_event_id,
    webhook_key_hash,
    event_type,
    delivery_status,
    signature_verified,
    received_at,
    processed_at,
    tenant_scope,
    organization_id,
    property_id,
    normalized_domain_event_id,
    correlation_id,
    payload_hash,
    raw_headers,
    raw_payload,
    failure_reason,
    privacy_scope,
    ai_visible
  )
VALUES
  (
    'f6954100-0000-0000-0000-000000000001',
    'channex',
    'channex_evt_platform_695',
    NULL,
    'booking.updated',
    'normalized',
    TRUE,
    '2026-06-09T09:01:55Z',
    '2026-06-09T09:02:03Z',
    'property',
    NULL,
    'f6953000-0000-0000-0000-000000000001',
    'f6954000-0000-0000-0000-000000000002',
    'corr-platform-695-channex-webhook',
    'sha256:channex-payload-platform-695',
    '{"signatureHash": "sha256:channex-signature-695", "ipHash": "sha256:channex-ip-695"}',
    '{"eventId": "channex_evt_platform_695", "externalBookingId": "chnx-booking-platform-695", "guest": {"emailHash": "sha256:guest-email-695"}}',
    NULL,
    'restricted',
    FALSE
  ),
  (
    'f6954100-0000-0000-0000-000000000002',
    'stripe',
    'stripe_evt_platform_695_failed',
    'sha256:stripe-webhook-key-platform-695',
    'payment_intent.succeeded',
    'dead_lettered',
    FALSE,
    '2026-06-09T09:04:00Z',
    '2026-06-09T09:04:04Z',
    'property',
    NULL,
    'f6953000-0000-0000-0000-000000000001',
    NULL,
    'corr-platform-695-stripe-webhook',
    'sha256:stripe-payload-platform-695',
    '{"signatureHash": "sha256:stripe-invalid-signature-695", "ipHash": "sha256:stripe-ip-695"}',
    '{"eventId": "stripe_evt_platform_695_failed", "rawSignature": "provider_signature_secret_695", "token": "raw-webhook-secret-695", "guestEmail": "platform.guest@example.test"}',
    'signature verification failed',
    'restricted',
    FALSE
  );

INSERT INTO platform.outbox_events
  (
    id,
    domain_event_id,
    outbox_key,
    destination,
    event_type,
    tenant_scope,
    organization_id,
    property_id,
    resource_product,
    resource_type,
    resource_id,
    status,
    priority,
    attempts_count,
    max_attempts,
    available_at,
    leased_until,
    published_at,
    correlation_id,
    idempotency_key_hash,
    payload,
    outbox_metadata,
    created_at,
    updated_at,
    ai_visible
  )
VALUES
  (
    'f6954200-0000-0000-0000-000000000001',
    'f6954000-0000-0000-0000-000000000001',
    'booking-confirmed-platform-695-email',
    'email.booking-confirmation',
    'booking.guest_booking.confirmed',
    'property',
    NULL,
    'f6953000-0000-0000-0000-000000000001',
    'booking',
    'guest_booking',
    'guest_booking_platform_695',
    'published',
    10,
    1,
    5,
    '2026-06-09T09:00:06Z',
    NULL,
    '2026-06-09T09:00:20Z',
    'corr-platform-695-booking-confirmed',
    'sha256:booking-change-platform-695',
    '{"publicBookingReference": "B-PLAT-695", "guestEmailHash": "sha256:guest-email-695", "template": "booking_confirmation"}',
    '{"fixture": "platform-jobs-events-audit", "publisher": "booking"}',
    '2026-06-09T09:00:06Z',
    '2026-06-09T09:00:20Z',
    FALSE
  ),
  (
    'f6954200-0000-0000-0000-000000000002',
    'f6954000-0000-0000-0000-000000000002',
    'channex-sync-platform-695',
    'pms.channel-sync',
    'pms.channel_webhook.normalized',
    'property',
    NULL,
    'f6953000-0000-0000-0000-000000000001',
    'pms',
    'channel_webhook',
    'channex_evt_platform_695',
    'failed',
    20,
    3,
    3,
    '2026-06-09T09:02:04Z',
    NULL,
    NULL,
    'corr-platform-695-channex-webhook',
    NULL,
    '{"provider": "channex", "providerEventId": "channex_evt_platform_695", "externalBookingId": "chnx-booking-platform-695"}',
    '{"fixture": "platform-jobs-events-audit", "failureClass": "provider_timeout"}',
    '2026-06-09T09:02:04Z',
    '2026-06-09T09:05:30Z',
    FALSE
  );

INSERT INTO platform.jobs
  (
    id,
    job_key,
    queue_name,
    job_type,
    source_domain_event_id,
    source_outbox_event_id,
    status,
    priority,
    attempts_count,
    max_attempts,
    run_after,
    locked_at,
    locked_by,
    finished_at,
    tenant_scope,
    organization_id,
    property_id,
    resource_product,
    resource_type,
    resource_id,
    correlation_id,
    idempotency_key_hash,
    payload,
    job_metadata,
    created_at,
    updated_at,
    ai_visible
  )
VALUES
  (
    'f6954300-0000-0000-0000-000000000001',
    'send-booking-confirmation-platform-695',
    'email',
    'email.booking_confirmation.send',
    'f6954000-0000-0000-0000-000000000001',
    'f6954200-0000-0000-0000-000000000001',
    'succeeded',
    10,
    1,
    5,
    '2026-06-09T09:00:06Z',
    NULL,
    NULL,
    '2026-06-09T09:00:18Z',
    'property',
    NULL,
    'f6953000-0000-0000-0000-000000000001',
    'booking',
    'guest_booking',
    'guest_booking_platform_695',
    'corr-platform-695-booking-confirmed',
    'sha256:booking-change-platform-695',
    '{"publicBookingReference": "B-PLAT-695", "guestEmailHash": "sha256:guest-email-695", "template": "booking_confirmation"}',
    '{"fixture": "platform-jobs-events-audit", "outboxEventId": "f6954200-0000-0000-0000-000000000001"}',
    '2026-06-09T09:00:06Z',
    '2026-06-09T09:00:18Z',
    FALSE
  ),
  (
    'f6954300-0000-0000-0000-000000000002',
    'sync-channex-booking-platform-695',
    'pms-channel-sync',
    'pms.channex.booking.sync',
    'f6954000-0000-0000-0000-000000000002',
    'f6954200-0000-0000-0000-000000000002',
    'dead_lettered',
    20,
    3,
    3,
    '2026-06-09T09:02:04Z',
    NULL,
    NULL,
    '2026-06-09T09:05:30Z',
    'property',
    NULL,
    'f6953000-0000-0000-0000-000000000001',
    'pms',
    'channel_webhook',
    'channex_evt_platform_695',
    'corr-platform-695-channex-webhook',
    NULL,
    '{"provider": "channex", "providerEventId": "channex_evt_platform_695", "externalBookingId": "chnx-booking-platform-695"}',
    '{"fixture": "platform-jobs-events-audit", "deadLetterReason": "max_attempts_exhausted"}',
    '2026-06-09T09:02:04Z',
    '2026-06-09T09:05:30Z',
    FALSE
  ),
  (
    'f6954300-0000-0000-0000-000000000003',
    'sync-channex-booking-platform-695-requeued',
    'pms-channel-sync',
    'pms.channex.booking.sync',
    'f6954000-0000-0000-0000-000000000002',
    'f6954200-0000-0000-0000-000000000002',
    'pending',
    20,
    0,
    3,
    '2026-06-09T09:30:00Z',
    NULL,
    NULL,
    NULL,
    'property',
    NULL,
    'f6953000-0000-0000-0000-000000000001',
    'pms',
    'channel_webhook',
    'channex_evt_platform_695',
    'corr-platform-695-channex-webhook',
    NULL,
    '{"provider": "channex", "providerEventId": "channex_evt_platform_695", "externalBookingId": "chnx-booking-platform-695", "requeuedFrom": "f6954300-0000-0000-0000-000000000002"}',
    '{"fixture": "platform-jobs-events-audit", "deadLetterEventId": "f6954600-0000-0000-0000-000000000001"}',
    '2026-06-09T09:10:00Z',
    '2026-06-09T09:10:00Z',
    FALSE
  );

INSERT INTO platform.job_attempts
  (
    id,
    job_id,
    attempt_number,
    status,
    worker_id,
    started_at,
    finished_at,
    duration_ms,
    error_type,
    error_message,
    error_metadata,
    retry_after,
    ai_visible
  )
VALUES
  (
    'f6954400-0000-0000-0000-000000000001',
    'f6954300-0000-0000-0000-000000000001',
    1,
    'succeeded',
    'worker-email-1',
    '2026-06-09T09:00:10Z',
    '2026-06-09T09:00:18Z',
    8000,
    NULL,
    NULL,
    '{}',
    NULL,
    FALSE
  ),
  (
    'f6954400-0000-0000-0000-000000000002',
    'f6954300-0000-0000-0000-000000000002',
    1,
    'failed',
    'worker-channel-1',
    '2026-06-09T09:02:10Z',
    '2026-06-09T09:02:45Z',
    35000,
    'ProviderTimeout',
    'Channex booking sync timed out on attempt 1',
    '{"provider": "channex", "timeoutMs": 30000}',
    '2026-06-09T09:03:15Z',
    FALSE
  ),
  (
    'f6954400-0000-0000-0000-000000000003',
    'f6954300-0000-0000-0000-000000000002',
    2,
    'failed',
    'worker-channel-2',
    '2026-06-09T09:03:15Z',
    '2026-06-09T09:03:51Z',
    36000,
    'ProviderTimeout',
    'Channex booking sync timed out on attempt 2',
    '{"provider": "channex", "timeoutMs": 30000}',
    '2026-06-09T09:04:30Z',
    FALSE
  ),
  (
    'f6954400-0000-0000-0000-000000000004',
    'f6954300-0000-0000-0000-000000000002',
    3,
    'timed_out',
    'worker-channel-3',
    '2026-06-09T09:04:30Z',
    '2026-06-09T09:05:30Z',
    60000,
    'ProviderTimeout',
    'Channex booking sync timed out on final attempt',
    '{"provider": "channex", "timeoutMs": 30000, "deadLetter": true}',
    NULL,
    FALSE
  );

INSERT INTO platform.idempotency_keys
  (
    id,
    operation_scope,
    operation,
    key_hash,
    request_fingerprint_hash,
    status,
    tenant_scope,
    organization_id,
    property_id,
    response_status_code,
    response_body_hash,
    response_resource_product,
    response_resource_type,
    response_resource_id,
    correlation_id,
    first_seen_at,
    last_seen_at,
    locked_until,
    completed_at,
    expires_at,
    idempotency_metadata,
    ai_visible
  )
VALUES
  (
    'f6954500-0000-0000-0000-000000000001',
    'booking',
    'booking.change.confirm',
    'sha256:booking-change-platform-695',
    'sha256:booking-change-request-platform-695',
    'completed',
    'property',
    NULL,
    'f6953000-0000-0000-0000-000000000001',
    201,
    NULL,
    'booking',
    'guest_booking',
    'guest_booking_platform_695',
    'corr-platform-695-booking-confirmed',
    '2026-06-09T08:59:58Z',
    '2026-06-09T09:00:18Z',
    NULL,
    '2026-06-09T09:00:18Z',
    '2026-06-10T09:00:00Z',
    '{"fixture": "platform-jobs-events-audit", "boundary": "property"}',
    FALSE
  ),
  (
    'f6954500-0000-0000-0000-000000000002',
    'booking',
    'booking.change.confirm',
    'sha256:booking-change-platform-695',
    'sha256:booking-change-org-request-platform-695',
    'completed',
    'organization',
    'f6952000-0000-0000-0000-000000000001',
    NULL,
    200,
    'sha256:org-response-platform-695',
    NULL,
    NULL,
    NULL,
    'corr-platform-695-org-boundary',
    '2026-06-09T09:01:00Z',
    '2026-06-09T09:01:05Z',
    NULL,
    '2026-06-09T09:01:05Z',
    '2026-06-10T09:01:00Z',
    '{"fixture": "platform-jobs-events-audit", "boundary": "organization"}',
    FALSE
  ),
  (
    'f6954500-0000-0000-0000-000000000003',
    'platform',
    'job.dispatch',
    'sha256:platform-job-dispatch-695',
    'sha256:platform-job-dispatch-request-695',
    'in_progress',
    'platform',
    NULL,
    NULL,
    NULL,
    NULL,
    NULL,
    NULL,
    NULL,
    'corr-platform-695-dispatch',
    '2026-06-09T09:02:00Z',
    '2026-06-09T09:02:00Z',
    '2026-06-09T09:12:00Z',
    NULL,
    '2026-06-10T09:02:00Z',
    '{"fixture": "platform-jobs-events-audit", "boundary": "platform"}',
    FALSE
  );

INSERT INTO platform.dead_letter_events
  (
    id,
    source_kind,
    domain_event_id,
    outbox_event_id,
    job_id,
    job_attempt_id,
    webhook_event_id,
    requeued_job_id,
    tenant_scope,
    organization_id,
    property_id,
    resource_product,
    resource_type,
    resource_id,
    correlation_id,
    idempotency_key_hash,
    reason_code,
    failure_summary,
    failure_payload,
    recovery_status,
    created_at,
    acknowledged_at,
    resolved_at,
    ai_visible
  )
VALUES
  (
    'f6954600-0000-0000-0000-000000000001',
    'job',
    NULL,
    NULL,
    'f6954300-0000-0000-0000-000000000002',
    'f6954400-0000-0000-0000-000000000004',
    NULL,
    'f6954300-0000-0000-0000-000000000003',
    'property',
    NULL,
    'f6953000-0000-0000-0000-000000000001',
    'pms',
    'channel_webhook',
    'channex_evt_platform_695',
    'corr-platform-695-channex-webhook',
    NULL,
    'max_attempts_exhausted',
    'Channex booking sync exhausted all retry attempts.',
    '{"lastAttemptNumber": 3, "lastErrorType": "ProviderTimeout", "provider": "channex"}',
    'requeued',
    '2026-06-09T09:05:31Z',
    NULL,
    NULL,
    FALSE
  ),
  (
    'f6954600-0000-0000-0000-000000000002',
    'webhook',
    NULL,
    NULL,
    NULL,
    NULL,
    'f6954100-0000-0000-0000-000000000002',
    NULL,
    'property',
    NULL,
    'f6953000-0000-0000-0000-000000000001',
    'finance',
    'payment_webhook',
    'stripe_evt_platform_695_failed',
    'corr-platform-695-stripe-webhook',
    NULL,
    'signature_verification_failed',
    'Stripe webhook signature verification failed and was dead-lettered.',
    '{"provider": "stripe", "providerEventId": "stripe_evt_platform_695_failed", "payloadHash": "sha256:stripe-payload-platform-695"}',
    'open',
    '2026-06-09T09:04:05Z',
    NULL,
    NULL,
    FALSE
  );

INSERT INTO platform.product_audit_events
  (
    id,
    audit_key,
    product,
    action,
    action_version,
    occurred_at,
    recorded_at,
    tenant_scope,
    organization_id,
    property_id,
    actor_type,
    actor_user_id,
    target_resource_product,
    target_resource_type,
    target_resource_id,
    secondary_resource_product,
    secondary_resource_type,
    secondary_resource_id,
    domain_event_id,
    external_webhook_event_id,
    job_id,
    idempotency_key_id,
    correlation_id,
    causation_id,
    redacted_payload,
    private_payload,
    audit_metadata,
    retention_class,
    privacy_scope,
    ai_visible
  )
VALUES
  (
    'f6954700-0000-0000-0000-000000000001',
    'booking-confirmed-platform-695',
    'booking',
    'guest_booking.confirmed',
    1,
    '2026-06-09T09:00:00Z',
    '2026-06-09T09:00:21Z',
    'property',
    NULL,
    'f6953000-0000-0000-0000-000000000001',
    'user',
    'f6951000-0000-0000-0000-000000000001',
    'booking',
    'guest_booking',
    'guest_booking_platform_695',
    NULL,
    NULL,
    NULL,
    'f6954000-0000-0000-0000-000000000001',
    NULL,
    'f6954300-0000-0000-0000-000000000001',
    'f6954500-0000-0000-0000-000000000001',
    'corr-platform-695-booking-confirmed',
    'checkout-context-platform-695',
    '{"publicBookingReference": "B-PLAT-695", "guestEmailHash": "sha256:guest-email-695", "totalAmount": "840.00", "currency": "EUR"}',
    '{"guest": {"email": "platform.guest@example.test", "phone": "+431234695"}, "payment": {"providerToken": "tok_secret_platform_695"}}',
    '{"fixture": "platform-jobs-events-audit", "redaction": "private_payload_only"}',
    'guest_pii',
    'restricted',
    FALSE
  ),
  (
    'f6954700-0000-0000-0000-000000000002',
    'stripe-webhook-dead-letter-platform-695',
    'finance',
    'webhook.dead_lettered',
    1,
    '2026-06-09T09:04:04Z',
    '2026-06-09T09:04:06Z',
    'property',
    NULL,
    'f6953000-0000-0000-0000-000000000001',
    'provider',
    NULL,
    'finance',
    'payment_webhook',
    'stripe_evt_platform_695_failed',
    NULL,
    NULL,
    NULL,
    NULL,
    'f6954100-0000-0000-0000-000000000002',
    NULL,
    NULL,
    'corr-platform-695-stripe-webhook',
    'stripe_evt_platform_695_failed',
    '{"provider": "stripe", "providerEventId": "stripe_evt_platform_695_failed", "payloadHash": "sha256:stripe-payload-platform-695", "failureReason": "signature_verification_failed"}',
    '{"rawSignature": "provider_signature_secret_695", "token": "raw-webhook-secret-695", "guestEmail": "platform.guest@example.test"}',
    '{"fixture": "platform-jobs-events-audit", "redaction": "private_payload_only"}',
    'provider_receipt',
    'restricted',
    FALSE
  ),
  (
    'f6954700-0000-0000-0000-000000000003',
    'channex-job-dead-letter-requeued-platform-695',
    'platform',
    'job.dead_letter.requeued',
    1,
    '2026-06-09T09:10:00Z',
    '2026-06-09T09:10:02Z',
    'property',
    NULL,
    'f6953000-0000-0000-0000-000000000001',
    'system',
    NULL,
    'platform',
    'job',
    'f6954300-0000-0000-0000-000000000002',
    'platform',
    'job',
    'f6954300-0000-0000-0000-000000000003',
    NULL,
    NULL,
    'f6954300-0000-0000-0000-000000000002',
    NULL,
    'corr-platform-695-channex-webhook',
    'f6954600-0000-0000-0000-000000000001',
    '{"deadLetterEventId": "f6954600-0000-0000-0000-000000000001", "attemptsCount": 3, "requeuedJobId": "f6954300-0000-0000-0000-000000000003"}',
    '{"lastErrorMessage": "Channex booking sync timed out on final attempt", "provider": "channex"}',
    '{"fixture": "platform-jobs-events-audit", "redaction": "failure_summary_only"}',
    'standard',
    'confidential',
    FALSE
  );
